{"start_game": [[1700731620.6736178, ""]], "turn_id": [[1700731620.6736178, 1]]}