{"start_game": [[1700736104.6385782, ""]], "turn_id": [[1700736104.6385782, 1]]}