{"start_game": [[1700481364.996953, ""]], "turn_id": [[1700481364.996953, 1]]}